{"cameraMode":{"drawMode":0,"name":"Shaded","section":"Shading Mode"},"sceneLighting":true,"audioPlay":false,"sceneViewState":{"m_AlwaysRefresh":false,"showFog":true,"showSkybox":true,"showFlares":true,"showImageEffects":true,"showParticleSystems":true,"showVisualEffectGraphs":true,"m_FxEnabled":true},"in2DMode":false,"pivot":{"x":0.16421020030975343,"y":2.0634303092956545,"z":9.484647750854493},"rotation":{"x":-0.05754132568836212,"y":-0.04525478929281235,"z":0.002352990908548236,"w":-0.9974903464317322},"size":7.238801956176758,"orthographic":false}