{"cameraMode":{"drawMode":0,"name":"Shaded","section":"Shading Mode"},"sceneLighting":true,"audioPlay":false,"sceneViewState":{"m_AlwaysRefresh":false,"showFog":true,"showSkybox":true,"showFlares":true,"showImageEffects":true,"showParticleSystems":true,"showVisualEffectGraphs":true,"m_FxEnabled":true},"in2DMode":false,"pivot":{"x":3.032949447631836,"y":3.4889674186706545,"z":9.389358520507813},"rotation":{"x":0.021867776289582254,"y":0.059643667191267017,"z":0.0010508031118661166,"w":-0.9981562495231628},"size":6.410022258758545,"orthographic":false}