{"cameraMode":{"drawMode":0,"name":"Shaded","section":"Shading Mode"},"sceneLighting":true,"audioPlay":false,"sceneViewState":{"m_AlwaysRefresh":false,"showFog":true,"showSkybox":true,"showFlares":true,"showImageEffects":true,"showParticleSystems":true,"showVisualEffectGraphs":true,"m_FxEnabled":true},"in2DMode":false,"pivot":{"x":4.076285362243652,"y":2.3235135078430177,"z":1.9116101264953614},"rotation":{"x":-0.06991514563560486,"y":0.15198734402656556,"z":-0.010878583416342736,"w":-0.9859206080436707},"size":2.9103760719299318,"orthographic":false}