{"cameraMode":{"drawMode":0,"name":"Shaded","section":"Shading Mode"},"sceneLighting":true,"audioPlay":false,"sceneViewState":{"m_AlwaysRefresh":false,"showFog":true,"showSkybox":true,"showFlares":true,"showImageEffects":true,"showParticleSystems":true,"showVisualEffectGraphs":true,"m_FxEnabled":true},"in2DMode":false,"pivot":{"x":-0.4698293209075928,"y":1.2258002758026124,"z":8.33015251159668},"rotation":{"x":0.021867776289582254,"y":0.059643667191267017,"z":0.0010508031118661166,"w":-0.9981562495231628},"size":1.7502353191375733,"orthographic":false}