{"cameraMode":{"drawMode":0,"name":"Shaded","section":"Shading Mode"},"sceneLighting":true,"audioPlay":false,"sceneViewState":{"m_AlwaysRefresh":false,"showFog":true,"showSkybox":true,"showFlares":true,"showImageEffects":true,"showParticleSystems":true,"showVisualEffectGraphs":true,"m_FxEnabled":true},"in2DMode":false,"pivot":{"x":6.269010543823242,"y":0.6517313718795776,"z":1.1086671352386475},"rotation":{"x":0.005808505229651928,"y":-0.9844946265220642,"z":0.1727566123008728,"w":0.032813481986522678},"size":4.925020694732666,"orthographic":false}