{"cameraMode":{"drawMode":0,"name":"Shaded","section":"Shading Mode"},"sceneLighting":true,"audioPlay":false,"sceneViewState":{"m_AlwaysRefresh":false,"showFog":true,"showSkybox":true,"showFlares":true,"showImageEffects":true,"showParticleSystems":true,"showVisualEffectGraphs":true,"m_FxEnabled":true},"in2DMode":false,"pivot":{"x":7.279352188110352,"y":4.750030517578125,"z":0.47089076042175295},"rotation":{"x":-0.031123748049139978,"y":0.9146328568458557,"z":-0.07177241891622544,"w":-0.39665812253952029},"size":5.366025924682617,"orthographic":false}