{"cameraMode":{"drawMode":0,"name":"Shaded","section":"Shading Mode"},"sceneLighting":true,"audioPlay":false,"sceneViewState":{"m_AlwaysRefresh":false,"showFog":true,"showSkybox":true,"showFlares":true,"showImageEffects":true,"showParticleSystems":true,"showVisualEffectGraphs":true,"m_FxEnabled":true},"in2DMode":false,"pivot":{"x":4.076285362243652,"y":2.3235135078430177,"z":1.9116101264953614},"rotation":{"x":-0.10191216319799423,"y":-0.06714734435081482,"z":0.006815007887780666,"w":-0.9925772547721863},"size":2.3103761672973635,"orthographic":false}