{"cameraMode":{"drawMode":0,"name":"Shaded","section":"Shading Mode"},"sceneLighting":true,"audioPlay":false,"sceneViewState":{"m_AlwaysRefresh":false,"showFog":true,"showSkybox":true,"showFlares":true,"showImageEffects":true,"showParticleSystems":true,"showVisualEffectGraphs":true,"m_FxEnabled":true},"in2DMode":false,"pivot":{"x":6.378817558288574,"y":1.0105875730514527,"z":2.6076292991638185},"rotation":{"x":-0.023860251531004907,"y":-0.3809022605419159,"z":0.009833583608269692,"w":-0.9242698550224304},"size":4.725638389587402,"orthographic":false}