{"cameraMode":{"drawMode":0,"name":"Shaded","section":"Shading Mode"},"sceneLighting":false,"audioPlay":false,"sceneViewState":{"m_AlwaysRefresh":false,"showFog":true,"showSkybox":false,"showFlares":true,"showImageEffects":true,"showParticleSystems":true,"showVisualEffectGraphs":true,"m_FxEnabled":true},"in2DMode":false,"pivot":{"x":3.989321231842041,"y":2.233513593673706,"z":1.2725095748901368},"rotation":{"x":-0.06991514563560486,"y":0.15198734402656556,"z":-0.010878583416342736,"w":-0.9859206080436707},"size":0.8986791968345642,"orthographic":false}