{"cameraMode":{"drawMode":0,"name":"Shaded","section":"Shading Mode"},"sceneLighting":false,"audioPlay":false,"sceneViewState":{"m_AlwaysRefresh":false,"showFog":true,"showSkybox":false,"showFlares":true,"showImageEffects":true,"showParticleSystems":true,"showVisualEffectGraphs":true,"m_FxEnabled":true},"in2DMode":false,"pivot":{"x":439.77252197265627,"y":407.1309814453125,"z":-0.6400433778762817},"rotation":{"x":-0.023860251531004907,"y":-0.3809022605419159,"z":0.009833583608269692,"w":-0.9242698550224304},"size":37.74558639526367,"orthographic":false}